{
    "issues": [
        {
            "id": "PCG8363042",
            "title": "Lorem ipsum dolor sit",
            "description": "Lorem ipsum dolor sit amet, conctetur adipiscing elit. Ut ut gravida dolor. Phasellus vitae sem.",
            "detailTitle": "Lorem ipsum dolor sit amet, conctetur adipiscing elit. Sed eu consectetur erat.",
            "reporter": "Sijo M Peter",
            "assignee": "Sijo M Peter",
            "assignee_desig": "UI/UX Designer",
            "type": "Task",
            "priority": "High",
            "status": "New",
            "resolution": "Unresplned",
            "fix_versions": "None",
            "affects": "None",
            "components": "None",
            "labels": "Webetc",
            "sprint": "C",
            "story_points": 6,
            "created": "01/02/2019",
            "updated": "01/02/2019",
            "votes": 0,
            "watchers": 1
        },
        {
            "id": "PCG8363042",
            "title": "Lorem ipsum dolor sit",
            "description": "Lorem ipsum dolor sit amet, conctetur adipiscing elit. Ut ut gravida dolor. Phasellus vitae sem.",
            "detailTitle": "Lorem ipsum dolor sit amet, conctetur adipiscing elit. Sed eu consectetur erat.",
            "reporter": "Sijo M Peter",
            "assignee": "Sanal N Krishna",
            "assignee_desig": "UI/UX Designer",
            "type": "Task",
            "priority": "High",
            "status": "New",
            "resolution": "Unresplned",
            "fix_versions": "None",
            "affects": "None",
            "components": "None",
            "labels": "Webetc",
            "sprint": "C",
            "story_points": 6,
            "created": "01/02/2019",
            "updated": "01/02/2019",
            "votes": 0,
            "watchers": 1
        },
        {
            "id": "PCG8363042",
            "title": "Lorem ipsum dolor sit",
            "description": "Lorem ipsum dolor sit amet, conctetur adipiscing elit. Ut ut gravida dolor. Phasellus vitae sem.",
            "detailTitle": "Lorem ipsum dolor sit amet, conctetur adipiscing elit. Sed eu consectetur erat.",
            "reporter": "Sijo M Peter",
            "assignee": "Sijo M Peter",
            "assignee_desig": "UI/UX Designer",
            "type": "Task",
            "priority": "Low",
            "status": "New",
            "resolution": "Unresplned",
            "fix_versions": "None",
            "affects": "None",
            "components": "None",
            "labels": "Webetc",
            "sprint": "C",
            "story_points": 4,
            "created": "01/02/2019",
            "updated": "01/02/2019",
            "votes": 0,
            "watchers": 1
        },
        {
            "id": "PCG8363042",
            "title": "Lorem ipsum dolor sit",
            "description": "Lorem ipsum dolor sit amet, conctetur adipiscing elit. Ut ut gravida dolor. Phasellus vitae sem.",
            "detailTitle": "Lorem ipsum dolor sit amet, conctetur adipiscing elit. Sed eu consectetur erat.",
            "reporter": "Sanal N Krishna",
            "assignee": "Saanvi Joseph",
            "assignee_desig": "UI/UX Designer",
            "type": "Task",
            "priority": "Low",
            "status": "New",
            "resolution": "Unresplned",
            "fix_versions": "None",
            "affects": "None",
            "components": "None",
            "labels": "Webetc",
            "sprint": "C",
            "story_points": 4,
            "created": "01/02/2019",
            "updated": "02/02/2019",
            "votes": 0,
            "watchers": 1
        },
        {
            "id": "PCG8363042",
            "title": "Lorem ipsum dolor sit",
            "description": "Lorem ipsum dolor sit amet, conctetur adipiscing elit. Ut ut gravida dolor. Phasellus vitae sem.",
            "detailTitle": "Lorem ipsum dolor sit amet, conctetur adipiscing elit. Sed eu consectetur erat.",
            "reporter": "Saanvi Joseph",
            "assignee": "Sanal N Krishna",
            "assignee_desig": "UI/UX Designer",
            "type": "Task",
            "priority": "High",
            "status": "New",
            "resolution": "Unresplned",
            "fix_versions": "None",
            "affects": "None",
            "components": "None",
            "labels": "Webetc",
            "sprint": "C",
            "story_points": 6,
            "created": "01/02/2019",
            "updated": "02/02/2019",
            "votes": 0,
            "watchers": 1
        },
        {
            "id": "PCG8363042",
            "title": "Lorem ipsum dolor sit",
            "description": "Lorem ipsum dolor sit amet, conctetur adipiscing elit. Ut ut gravida dolor. Phasellus vitae sem.",
            "detailTitle": "Lorem ipsum dolor sit amet, conctetur adipiscing elit. Sed eu consectetur erat.",
            "reporter": "Sijo M Peter",
            "assignee": "Sijo M Peter",
            "assignee_desig": "UI/UX Designer",
            "type": "Task",
            "priority": "High",
            "status": "inProgress",
            "resolution": "Unresplned",
            "fix_versions": "None",
            "affects": "None",
            "components": "None",
            "labels": "Webetc",
            "sprint": "C",
            "story_points": 6,
            "created": "01/02/2019",
            "updated": "02/02/2019",
            "votes": 0,
            "watchers": 1
        },
        {
            "id": "PCG8363042",
            "title": "Lorem ipsum dolor sit",
            "description": "Lorem ipsum dolor sit amet, conctetur adipiscing elit. Ut ut gravida dolor. Phasellus vitae sem.",
            "detailTitle": "Lorem ipsum dolor sit amet, conctetur adipiscing elit. Sed eu consectetur erat.",
            "reporter": "Sijo M Peter",
            "assignee": "Sijo M Peter",
            "assignee_desig": "UI/UX Designer",
            "type": "Task",
            "priority": "Low",
            "status": "inProgress",
            "resolution": "Unresplned",
            "fix_versions": "None",
            "affects": "None",
            "components": "None",
            "labels": "Webetc",
            "sprint": "C",
            "story_points": 4,
            "created": "01/02/2019",
            "updated": "02/02/2019",
            "votes": 0,
            "watchers": 1
        },
        {
            "id": "PCG8363042",
            "title": "Lorem ipsum dolor sit",
            "description": "Lorem ipsum dolor sit amet, conctetur adipiscing elit. Ut ut gravida dolor. Phasellus vitae sem.",
            "detailTitle": "Lorem ipsum dolor sit amet, conctetur adipiscing elit. Sed eu consectetur erat.",
            "reporter": "Sijo M Peter",
            "assignee": "Sijo M Peter",
            "assignee_desig": "UI/UX Designer",
            "type": "Task",
            "priority": "Low",
            "status": "Done",
            "resolution": "Unresplned",
            "fix_versions": "None",
            "affects": "None",
            "components": "None",
            "labels": "Webetc",
            "sprint": "C",
            "story_points": 4,
            "created": "01/02/2019",
            "updated": "01/02/2019",
            "votes": 0,
            "watchers": 1
        },
        {
            "id": "PCG8363042",
            "title": "Lorem ipsum dolor sit",
            "description": "Lorem ipsum dolor sit amet, conctetur adipiscing elit. Ut ut gravida dolor. Phasellus vitae sem.",
            "detailTitle": "Lorem ipsum dolor sit amet, conctetur adipiscing elit. Sed eu consectetur erat.",
            "reporter": "Sijo M Peter",
            "assignee": "Sijo M Peter",
            "assignee_desig": "UI/UX Designer",
            "type": "Task",
            "priority": "Low",
            "status": "Done",
            "resolution": "Unresplned",
            "fix_versions": "None",
            "affects": "None",
            "components": "None",
            "labels": "Webetc",
            "sprint": "C",
            "story_points": 4,
            "created": "01/02/2019",
            "updated": "01/02/2019",
            "votes": 0,
            "watchers": 1
        },
        {
            "id": "PCG8363042",
            "title": "Lorem ipsum dolor sit",
            "description": "Lorem ipsum dolor sit amet, conctetur adipiscing elit. Ut ut gravida dolor. Phasellus vitae sem.",
            "detailTitle": "Lorem ipsum dolor sit amet, conctetur adipiscing elit. Sed eu consectetur erat.",
            "reporter": "Sijo M Peter",
            "assignee": "Sijo M Peter",
            "assignee_desig": "UI/UX Designer",
            "type": "Task",
            "priority": "Low",
            "status": "Done",
            "resolution": "Unresplned",
            "fix_versions": "None",
            "affects": "None",
            "components": "None",
            "labels": "Webetc",
            "sprint": "C",
            "story_points": 2,
            "created": "01/02/2019",
            "updated": "01/02/2019",
            "votes": 0,
            "watchers": 1
        },
        {
            "id": "PCG8363042",
            "title": "Lorem ipsum dolor sit",
            "description": "Lorem ipsum dolor sit amet, conctetur adipiscing elit. Ut ut gravida dolor. Phasellus vitae sem.",
            "detailTitle": "Lorem ipsum dolor sit amet, conctetur adipiscing elit. Sed eu consectetur erat.",
            "reporter": "Sijo M Peter",
            "assignee": "Sijo M Peter",
            "assignee_desig": "UI/UX Designer",
            "type": "Task",
            "priority": "Low",
            "status": "Done",
            "resolution": "Unresplned",
            "fix_versions": "None",
            "affects": "None",
            "components": "None",
            "labels": "Webetc",
            "sprint": "C",
            "story_points": 4,
            "created": "01/02/2019",
            "updated": "01/02/2019",
            "votes": 0,
            "watchers": 1
        }
    ]
}